curated_id,name,aliases,country,city,match_existing_name,degree_levels,tuition_local,tuition_currency,tuition_basis,tuition_year,tuition_source_url,living_cost_local,living_cost_currency,living_cost_source_url,acceptance_rate,acceptance_source_url,popular_programs,programs_source_url,coop_program,coop_source_url,source_url,data_year,checked_on,notes
oxford,University of Oxford,Oxford,United Kingdom,Oxford,University of Oxford,Undergraduate;Masters;PhD,39620,GBP,"Lowest published overseas undergraduate course fee (published range £39,620–£66,580; clinical medicine is higher)",2027-28,https://www.ox.ac.uk/admissions/undergraduate/fees-and-funding/course-fees,,,,,,,,unknown,,https://www.ox.ac.uk,2027-28,2026-10-06,
cambridge,University of Cambridge,Cambridge,United Kingdom,Cambridge,University of Cambridge,Undergraduate;Masters;PhD,30798,GBP,"Lowest published international undergraduate tuition fee (Group 1 courses; range £30,798–£70,554). Most international students also pay a separate College fee, not included",2027-28,https://www.undergraduate.study.cam.ac.uk/international-students/international-fees-and-costs,,,,,,Computer Science;Engineering;Economics;Mathematics;Medicine;Law;Architecture;Psychology,https://www.undergraduate.study.cam.ac.uk/courses,unknown,,https://www.cam.ac.uk,2027-28,2026-10-06,
imperial,Imperial College London,Imperial;ICL,United Kingdom,London,Imperial College London,Undergraduate;Masters;PhD,42700,GBP,"Lowest overseas undergraduate fee for the 2026 entry cohort (Business School and Mathematics; range £42,700–£58,600)",2026-27,https://www.imperial.ac.uk/students/fees-and-funding/tuition-fees/undergraduate-tuition-fees/2026-27/,,,,,,,,unknown,,https://www.imperial.ac.uk,2026-27,2026-10-06,Fees read from the four faculty pages linked from the source page (2026 cohort rows only)
ucl,University College London,UCL,United Kingdom,London,University College London,Undergraduate;Masters;PhD,29500,GBP,"Lowest overseas full-time undergraduate fee for 2026-27 entrants (range £29,500–£57,300 across 541 programmes)",2026-27,https://www.ucl.ac.uk/study/student-finances/tuition-fees/fee-schedules/fee-schedules-2026-2027/undergraduate-fees-2026-2027,,,,,,Computer Science;Engineering;Business;Economics;Mathematics;Physics;Medicine;Law;Architecture;Psychology;Data Science;Biological Sciences;Chemistry,https://www.ucl.ac.uk/study/student-finances/tuition-fees/fee-schedules/fee-schedules-2026-2027/undergraduate-fees-2026-2027,unknown,,https://www.ucl.ac.uk,2026-27,2026-10-06,
kcl,King's College London,KCL;King's,United Kingdom,London,King's College London,Undergraduate;Masters;PhD,,,,,,,,,,,,,unknown,,https://www.kcl.ac.uk,2026-27,2026-10-06,International fees are only published on each course page; no single table to take a verified lowest fee from (fill in by hand)
lse,London School of Economics and Political Science,LSE;London School of Economics,United Kingdom,London,,Undergraduate;Masters;PhD,32300,GBP,"Overseas fee for BA Geography, 2027/28 entry. LSE charges five fee tiers by programme, so other programmes cost more or less",2027-28,https://www.lse.ac.uk/study-at-lse/undergraduate/ba-geography,,,,,,,,unknown,,https://www.lse.ac.uk,2027-28,2026-10-06,The full tier table is a PDF this pipeline can't read; fill in the lowest tier by hand
edinburgh,University of Edinburgh,Edinburgh;UoE,United Kingdom,Edinburgh,University of Edinburgh,Undergraduate;Masters;PhD,29600,GBP,"Lowest international full-time fee for new undergraduates in 2026-27 (range £29,600–£38,900 on this page; medicine and veterinary medicine are listed separately)",2026-27,https://registryservices.ed.ac.uk/tuition-fees/find/undergraduate/2026-2027/full-time-new-students,,,,,,Computer Science;Engineering;Business;Economics;Mathematics;Physics;Medicine;Law;Architecture;Psychology;Data Science;Biological Sciences;Chemistry,https://registryservices.ed.ac.uk/tuition-fees/find/undergraduate/2026-2027/full-time-new-students,unknown,,https://www.ed.ac.uk,2026-27,2026-10-06,
manchester,University of Manchester,Manchester,United Kingdom,Manchester,University of Manchester,Undergraduate;Masters;PhD,,,,,,,,,,,,,unknown,,https://www.manchester.ac.uk,2026-27,2026-10-06,International fees are only published per course (course pages / fee search); fill in by hand
warwick,University of Warwick,Warwick,United Kingdom,Coventry,,Undergraduate;Masters;PhD,27870,GBP,"Lowest overseas undergraduate fee for 2026-27 (Band 1; Band 2 is £35,530; medicine years 2-4 £56,660)",2026-27,https://warwick.ac.uk/services/finance/studentfinance/fees/overseasfees/,,,,,,Computer Science;Engineering;Business;Economics;Mathematics;Physics;Law;Psychology;Data Science;Biological Sciences;Chemistry,https://warwick.ac.uk/services/finance/studentfinance/fees/overseasfees/,optional,https://warwick.ac.uk/services/finance/studentfinance/fees/overseasfees/,https://warwick.ac.uk,2026-27,2026-10-06,"Co-op: the official fee table lists optional ""with Placement Year"" / ""with Industrial Placement"" versions of many degrees. Medicine left out of the program list: Warwick only offers graduate-entry Medicine (MBChB)"
bristol,University of Bristol,Bristol,United Kingdom,Bristol,,Undergraduate;Masters;PhD,25500,GBP,"Lowest overseas undergraduate fee for students starting in 2026/27 (range £25,500–£49,700)",2026-27,https://www.bristol.ac.uk/students/support/finances/tuition-fees/ug/overseas/26-27/2026-starters/,,,,,,Computer Science;Engineering;Business;Economics;Mathematics;Physics;Medicine;Law;Psychology;Data Science;Biological Sciences;Chemistry,https://www.bristol.ac.uk/students/support/finances/tuition-fees/ug/overseas/26-27/2026-starters/,optional,https://www.bristol.ac.uk/students/support/finances/tuition-fees/ug/year-abroad/,https://www.bristol.ac.uk,2026-27,2026-10-06,Co-op: the university sets fees for optional whole-year industrial placements
durham,Durham University,Durham,United Kingdom,Durham,,Undergraduate;Masters;PhD,,,,,,,,,,,,,unknown,,https://www.durham.ac.uk,2026-27,2026-10-06,Overseas fees are only published per course in the course database; fill in by hand
st-andrews,University of St Andrews,St Andrews,United Kingdom,St Andrews,,Undergraduate;Masters;PhD,33250,GBP,"Overseas fee for the Faculties of Arts, Divinity and Science in 2026-27 (Medicine £39,620)",2026-27,https://www.st-andrews.ac.uk/study/undergraduate/fees/world/,,,,,,,,unknown,,https://www.st-andrews.ac.uk,2026-27,2026-10-06,
glasgow,University of Glasgow,Glasgow;UofG,United Kingdom,Glasgow,,Undergraduate;Masters;PhD,27720,GBP,"Lowest international undergraduate fee for 2026/27 (Arts and Social Sciences; up to £62,730 for clinical programmes)",2026-27,https://www.gla.ac.uk/undergraduate/fees/intlfees/,,,,,,,,unknown,,https://www.gla.ac.uk,2026-27,2026-10-06,
leeds,University of Leeds,Leeds,United Kingdom,Leeds,,Undergraduate;Masters;PhD,,,,,,,,,,,,,unknown,,https://www.leeds.ac.uk,2027-28,2026-10-06,International fees are only published on each course page; fill in by hand
southampton,University of Southampton,Southampton,United Kingdom,Southampton,,Undergraduate;Masters;PhD,26800,GBP,"Lowest international full-time fee in the university's undergraduate course fee table (Nursing and Midwifery; up to £34,100)",year not stated on the page,https://www.southampton.ac.uk/courses/fees/undergraduate/tuition-fees.page,,,,,,Computer Science;Engineering;Business;Economics;Mathematics;Physics;Medicine;Law;Psychology;Data Science;Biological Sciences;Chemistry,https://www.southampton.ac.uk/courses/fees/undergraduate/tuition-fees.page,optional,https://www.southampton.ac.uk/courses/fees/undergraduate/tuition-fees.page,https://www.southampton.ac.uk,2026-27,2026-10-06,"The fee table doesn't say which year it's for (check by hand). Co-op: the table lists optional ""with Placement Year"" degrees"
utoronto,University of Toronto,U of T;UofT;Toronto,Canada,Toronto,University of Toronto,Undergraduate;Masters;PhD,66110,CAD,"First-year international program fee, Faculty of Arts & Science (St. George campus); other programs differ",2026-27,https://tuitionexplorer.registrar.utoronto.ca/index.php?academicYear=2026-27&sessionType=1&studyLevel=UG&residency=INT&campus=UTSG&faculty=ARTSC-UG&college=UC&program=207,,,,,,,,unknown,,https://www.utoronto.ca,2026-27,2026-10-06,
ubc,University of British Columbia,UBC,Canada,Vancouver,University of British Columbia,Undergraduate;Masters;PhD,48779.8,CAD,"Lowest international full-course-load tuition for students starting in 2026/27 at UBC Vancouver (Music; up to CA$67,237.20)",2026-27,https://students.ubc.ca/finances/tuition-fees/undergraduate-tuition-fees/,,,,,,,,optional,https://vancouver.calendar.ubc.ca/faculties-colleges-and-schools/faculty-science/bachelor-science/co-operative-education,https://www.ubc.ca,2026-27,2026-10-06,Co-op: the Academic Calendar describes co-op as optional and supplementary to the degree
mcgill,McGill University,McGill,Canada,Montreal,McGill University,Undergraduate;Masters;PhD,,,,,,,,,,,,,unknown,,https://www.mcgill.ca,2026-27,2026-10-06,International rates are only in PDF fee tables this pipeline can't read; fill in by hand
uwaterloo,University of Waterloo,Waterloo;UW;UWaterloo,Canada,Waterloo,University of Waterloo,Undergraduate;Masters;PhD,51000,CAD,"Lowest estimated first-year tuition and incidental fees for international students, two terms (Faculty of Environment)",2026-27,https://uwaterloo.ca/future-students/financing/tuition,,,,,,,,optional,https://uwaterloo.ca/future-students/co-op,https://uwaterloo.ca,2026-27,2026-10-06,Co-op: students apply to a co-op program or the regular system of study; some programs are co-op only
ualberta,University of Alberta,UAlberta;U of A,Canada,Edmonton,University of Alberta,Undergraduate;Masters;PhD,,,,,,,,,,,,,unknown,,https://www.ualberta.ca,2026-27,2026-10-06,Couldn't read the international tuition table on the official page; fill in by hand
queens,Queen's University,Queen's;Queens,Canada,Kingston,,Undergraduate;Masters;PhD,44809.8,CAD,"International tuition for Arts and Science degrees (excluding Computing), 30 units, 2026-27",2026-27,https://www.queensu.ca/registrar/tuition-fees/undergraduate,,,,,,,,unknown,,https://www.queensu.ca,2026-27,2026-10-06,
mcmaster,McMaster University,McMaster;Mac,Canada,Hamilton,,Undergraduate;Masters;PhD,,,,,,,,,,,,,unknown,,https://www.mcmaster.ca,2026-27,2026-10-06,2026-27 international fees weren't posted when checked; fill in by hand
western,Western University,Western;UWO;University of Western Ontario,Canada,London,,Undergraduate;Masters;PhD,,,,,,,,,,,,,unknown,,https://www.uwo.ca,2026-27,2026-10-06,Program fees are only in a PDF this pipeline can't read; fill in by hand
umontreal,Université de Montréal,UdeM;University of Montreal,Canada,Montréal,,Undergraduate;Masters;PhD,,,,,,,,,,,,,unknown,,https://www.umontreal.ca,2026-27,2026-10-06,International fees depend on the exemption scholarship and fee level; fill in by hand
ucalgary,University of Calgary,UCalgary,Canada,Calgary,,Undergraduate;Masters;PhD,,,,,,,,,,,,,optional,https://www.ucalgary.ca/pubs/calendar/archives/2023/experiential-learning-work-integrated-learning-2.html,https://www.ucalgary.ca,2026-27,2026-10-06,Tuition is published per course only. Co-op: the (2023) Academic Calendar says co-op and internship are optional academic programs
sfu,Simon Fraser University,SFU,Canada,Burnaby,,Undergraduate;Masters;PhD,,,,,,,,,,,,,optional,https://www.sfu.ca/students/calendar/fees-and-regulations/learning-opportunities/coop.html,https://www.sfu.ca,2026-27,2026-10-06,"Tuition is published per term (CA$18,944 for 5 courses in 2026/27), not per year; fill in a yearly figure by hand. Co-op is optional except in three engineering schools, where it is mandatory"
uottawa,University of Ottawa,uOttawa,Canada,Ottawa,,Undergraduate;Masters;PhD,,,,,,,,,,,,,unknown,,https://www.uottawa.ca,2026-27,2026-10-06,The tuition page only shows a hypothetical example; fill in by hand
unimelb,University of Melbourne,Melbourne;UniMelb,Australia,Melbourne,University of Melbourne,Undergraduate;Masters;PhD,,,,,,,,,,,,,unknown,,https://www.unimelb.edu.au,2026,2026-10-06,Annual fees are in PDF tables this pipeline can't read; fill in by hand
usyd,University of Sydney,USyd;Sydney Uni,Australia,Sydney,University of Sydney,Undergraduate;Masters;PhD,51700,AUD,"Lowest indicative full-time undergraduate fee, guide for 2027 entry (Arts and social sciences, Nursing, Music; up to A$69,200)",2027,https://www.sydney.edu.au/study/fees-and-loans/international-student-tuition-fees.html,,,,,,,,unknown,,https://www.sydney.edu.au,2027,2026-10-06,The university calls these figures a guide only
anu,Australian National University,ANU,Australia,Canberra,Australian National University,Undergraduate;Masters;PhD,,,,,,,,,,,,,unknown,,https://www.anu.edu.au,2026,2026-10-06,Indicative fees are only published per program; fill in by hand
monash,Monash University,Monash,Australia,Melbourne,Monash University,Undergraduate;Masters;PhD,,,,,,,,,,,,,unknown,,https://www.monash.edu,2026,2026-10-06,Fees are only published on each course page; fill in by hand
unsw,UNSW Sydney,UNSW;University of New South Wales,Australia,Sydney,,Undergraduate;Masters;PhD,,,,,,,,,,,,,unknown,,https://www.unsw.edu.au,2026,2026-10-06,Fees are published per unit of credit (not per year); fill in by hand
uq,University of Queensland,UQ,Australia,Brisbane,,Undergraduate;Masters;PhD,,,,,,,,,,,,,unknown,,https://www.uq.edu.au,2026,2026-10-06,Fees are only published per program; fill in by hand
uwa,University of Western Australia,UWA,Australia,Perth,,Undergraduate;Masters;PhD,,,,,,,,,,,,,unknown,,https://www.uwa.edu.au,2026,2026-10-06,Not checked yet
uts,University of Technology Sydney,UTS,Australia,Sydney,,Undergraduate;Masters;PhD,,,,,,,,,,,,,unknown,,https://www.uts.edu.au,2026,2026-10-06,Not checked yet
lmu,LMU Munich,LMU;Ludwig-Maximilians-Universität München;University of Munich,Germany,Munich,LMU Munich,Undergraduate;Masters;PhD,,,,,,,,,,,,,unknown,,https://www.lmu.de,2026-27,2026-10-06,No official page found yet stating the tuition rule for regular degrees; fill in by hand
tum,Technical University of Munich,TUM;TU München;TU Munich,Germany,Munich,Technical University of Munich,Undergraduate;Masters;PhD,4000,EUR,"Lowest tuition for non-EU students in bachelor's programmes: usually €2,000 or €3,000 per semester (lowest shown, × 2 semesters); a semester fee is extra",current policy (new students since winter semester 2024/25),https://www.tum.de/en/studies/fees/tuition,,,,,,,,unknown,,https://www.tum.de,2026-27,2026-10-06,Exact fee is on each degree program's page; EU/EEA students pay no tuition
heidelberg,Heidelberg University,Heidelberg;Universität Heidelberg;Ruprecht-Karls-Universität,Germany,Heidelberg,,Undergraduate;Masters;PhD,3000,EUR,"Tuition for non-EU students in bachelor's programmes: €1,500 per semester × 2 semesters; a semester contribution is extra",current policy (since winter semester 2017/18),https://www.uni-heidelberg.de/en/study/management-of-studies/semester-fees/tuition-fees-for-international-students,,,,,,,,unknown,,https://www.uni-heidelberg.de,2026-27,2026-10-06,EU/EEA students pay no tuition
hu-berlin,Humboldt-Universität zu Berlin,HU Berlin;Humboldt University,Germany,Berlin,,Undergraduate;Masters;PhD,,,,,,,,,,,,,unknown,,https://www.hu-berlin.de,2026-27,2026-10-06,The fees page blocks automated reading; fill in by hand
rwth,RWTH Aachen University,RWTH;RWTH Aachen,Germany,Aachen,,Undergraduate;Masters;PhD,0,EUR,"No tuition fee for international students, including from non-EU countries; only the semester contribution (about €300 per semester)",2025-26,https://www.rwth-aachen.de/go/id/bqmn/lidx/1,13200,EUR,https://www.rwth-aachen.de/go/id/bqmn/lidx/1,,,,,unknown,,https://www.rwth-aachen.de,2025-26,2026-10-06,"Living cost: the university's own estimate of at least €1,100 per month or €13,200 per year (rent, insurance, living). RWTH has said it may introduce non-EU tuition in future"
kit,Karlsruhe Institute of Technology,KIT,Germany,Karlsruhe,,Undergraduate;Masters;PhD,3000,EUR,"Tuition for non-EU students in bachelor's programmes: €1,500 per semester × 2 semesters (Baden-Württemberg law); a semester contribution is extra",current policy (since winter semester 2017/18),https://www.intl.kit.edu/istudies/12606.php,,,,,,,,unknown,,https://www.kit.edu,2026-27,2026-10-06,EU/EEA students pay no tuition
tu-berlin,Technische Universität Berlin,TU Berlin;Technical University of Berlin,Germany,Berlin,,Undergraduate;Masters;PhD,0,EUR,No tuition fees (except some continuing-education master's); only the semester fee of about €300,2026-27,https://www.tu.berlin/en/studying/organizing-your-studies/financing-your-studies,,,,,,,,unknown,,https://www.tu.berlin,2026-27,2026-10-06,
tue,Eindhoven University of Technology,TU/e;TU Eindhoven,Netherlands,Eindhoven,,Undergraduate;Masters;PhD,22400,EUR,Institutional tuition fee for non-EU/EEA bachelor students,2027-28,https://www.tue.nl/en/education/become-a-tue-student/tuition-fees-and-other-study-costs/tuition-fee,,,,,,,,unknown,,https://www.tue.nl,2027-28,2026-10-06,
wur,Wageningen University & Research,Wageningen;WUR,Netherlands,Wageningen,,Undergraduate;Masters;PhD,18300,EUR,Institutional tuition fee for non-EU/EEA bachelor students,2026-27,https://www.wur.nl/en/education/bachelor/study-expenses-bachelors/tuition-fees-and-study-finances,,,,,,,,unknown,,https://www.wur.nl,2026-27,2026-10-06,
eur,Erasmus University Rotterdam,Erasmus;EUR,Netherlands,Rotterdam,,Undergraduate;Masters;PhD,13500,EUR,"Lowest non-EU/EEA bachelor fee (RSM programmes €14,000, Medicine €32,200)",2026-27,https://www.eur.nl/en/education/practical-matters/registration/tuition-fee/tuition-fee-2026-2027,,,,,,,,unknown,,https://www.eur.nl,2026-27,2026-10-06,
rug,University of Groningen,Groningen;RUG,Netherlands,Groningen,,Undergraduate;Masters;PhD,14400,EUR,"Lowest non-EU/EEA bachelor institutional fee (up to €32,000 depending on programme)",2027-28,https://www.rug.nl/education/application-enrolment-tuition-fees/tuition-fee/bachelor?lang=en,,,,,,,,unknown,,https://www.rug.nl,2027-28,2026-10-06,
tudelft,Delft University of Technology,TU Delft;Delft,Netherlands,Delft,Delft University of Technology,Undergraduate;Masters;PhD,20563,EUR,Institutional tuition fee for non-EU/EEA BSc students,2027-28,https://www.tudelft.nl/en/education/study-programme-orientation/practical-matters/tuition-fee-finances,,,,,,,,unknown,,https://www.tudelft.nl,2027-28,2026-10-06,
uva,University of Amsterdam,UvA;Universiteit van Amsterdam,Netherlands,Amsterdam,University of Amsterdam,Undergraduate;Masters;PhD,13900,EUR,Lowest non-EU/EEA bachelor fee (Economics and Business programmes); other faculties cost more,2026-27,https://www.uva.nl/en/education/fees-and-funding/tuition-fees/tuition-fees.html,,,,,,,,unknown,,https://www.uva.nl,2026-27,2026-10-06,
uu,Utrecht University,Utrecht;UU,Netherlands,Utrecht,,Undergraduate;Masters;PhD,,,,,,,,,,,,,unknown,,https://www.uu.nl,2026,2026-10-06,No verified international bachelor fee on an official page (fill in by hand)
leiden,Leiden University,Leiden,Netherlands,Leiden,,Undergraduate;Masters;PhD,,,,,,,,,,,,,unknown,,https://www.universiteitleiden.nl,2026,2026-10-06,No verified international bachelor fee on an official page (fill in by hand)
ethz,ETH Zurich,ETH;ETHZ;Swiss Federal Institute of Technology Zurich,Switzerland,Zurich,ETH Zurich,Undergraduate;Masters;PhD,4380,CHF,"CHF 2,190 per semester × 2 for students with a foreign entrance qualification (from autumn 2025)",from autumn 2025,https://ethz.ch/students/en/studies/financial/tuition-fees.html,,,,,,,,unknown,,https://ethz.ch,2025-26,2026-10-06,
epfl,EPFL,École polytechnique fédérale de Lausanne;Swiss Federal Institute of Technology Lausanne,Switzerland,Lausanne,,Undergraduate;Masters;PhD,4380,CHF,"CHF 2,190 per semester × 2 for students with a foreign entrance qualification",year not stated on the page (checked 2026-10-06),https://www.epfl.ch/education/studies/en/rules-and-procedures/study-taxes/tuition-fee-other-fees/,,,,,,,,unknown,,https://www.epfl.ch,2026,2026-10-06,
unige,University of Geneva,UNIGE;Université de Genève,Switzerland,Geneva,,Undergraduate;Masters;PhD,1000,CHF,"CHF 500 per semester × 2, same for all nationalities",year not stated on the page (checked 2026-10-06),https://www.unige.ch/immatriculations/en/informations/fees,,,,,,,,unknown,,https://www.unige.ch,2026,2026-10-06,
uzh,University of Zurich,UZH;Universität Zürich,Switzerland,Zurich,,Undergraduate;Masters;PhD,,,,,,,,,,,,,unknown,,https://www.uzh.ch,2026,2026-10-06,No verified international bachelor fee on an official page (fill in by hand)
polytechnique,École Polytechnique,Polytechnique;l'X;Institut Polytechnique de Paris,France,Palaiseau,,Undergraduate;Masters;PhD,19600,EUR,Annual Bachelor of Science fee for non-EU students,year not stated on the page (checked 2026-10-06),https://programmes.polytechnique.edu/en/bachelor/costs-and-funding/tuition-fees,,,,,,,,unknown,,https://www.polytechnique.edu,2026,2026-10-06,
sciencespo,Sciences Po,Sciences Po Paris;Institut d'études politiques de Paris,France,Paris,,Undergraduate;Masters;PhD,14900,EUR,Bachelor fee for students whose fiscal residence is outside the EEA (highest income bracket; there are no reductions for non-EEA residents),2026-27,https://www.sciencespo.fr/students/en/fees-funding/tuition-fees/,,,,,,,,unknown,,https://www.sciencespo.fr,2026-27,2026-10-06,
sorbonne,Sorbonne University,Sorbonne;Sorbonne Université,France,Paris,Sorbonne University,Undergraduate;Masters;PhD,178,EUR,National bachelor registration fee; under the university's exemption policy non-EU students pay the same as EU students,2026-27,https://www.sorbonne-universite.fr/en/education/study-sorbonne-university/enrolment-procedures-and-tuition-fees,,,,,,,,unknown,,https://www.sorbonne-universite.fr,2026-27,2026-10-06,
psl,Université PSL,PSL;Paris Sciences et Lettres,France,Paris,Université PSL,Undergraduate;Masters;PhD,,,,,,,,,,,,,unknown,,https://psl.eu,2026,2026-10-06,No verified international bachelor fee on an official page (fill in by hand)
paris-saclay,Université Paris-Saclay,Paris-Saclay,France,Gif-sur-Yvette,,Undergraduate;Masters;PhD,,,,,,,,,,,,,unknown,,https://www.universite-paris-saclay.fr,2026,2026-10-06,No verified international bachelor fee on an official page (fill in by hand)
helsinki,University of Helsinki,Helsinki;UH,Finland,Helsinki,University of Helsinki,Undergraduate;Masters;PhD,13000,EUR,Annual fee for English-taught bachelor programmes (non-EU/EEA),year not stated on the page (checked 2026-10-06),https://www.helsinki.fi/en/admissions-and-education/apply-bachelors-and-masters-programmes/tuition-fees-and-scholarship-programme,,,,,,,,unknown,,https://www.helsinki.fi,2026,2026-10-06,
aalto,Aalto University,Aalto,Finland,Espoo,,Undergraduate;Masters;PhD,,,,,,,,,,,,,unknown,,https://www.aalto.fi,2026,2026-10-06,Only an outdated (2016) fee page was found; fill in by hand
chalmers,Chalmers University of Technology,Chalmers,Sweden,Gothenburg,,Undergraduate;Masters;PhD,160000,SEK,"SEK 80,000 per semester × 2 for non-EU/EEA bachelor students (Industrial Design Engineering and Architecture cost more)",year not stated on the page (checked 2026-10-06),https://www.chalmers.se/en/education/application-and-admission/tuition-fees/,,,,,,,,unknown,,https://www.chalmers.se,2026,2026-10-06,
su,Stockholm University,Stockholms universitet;SU,Sweden,Stockholm,,Undergraduate;Masters;PhD,90000,SEK,"Lowest annual non-EU/EEA fee (Humanities, Social Sciences and Law); science programmes cost more",year not stated on the page (checked 2026-10-06),https://www.su.se/english/education/how-to-apply/costs-fees-and-scholarships,,,,,,,,unknown,,https://www.su.se,2026,2026-10-06,
kth,KTH Royal Institute of Technology,KTH,Sweden,Stockholm,KTH Royal Institute of Technology,Undergraduate;Masters;PhD,,,,,,,,,,,,,unknown,,https://www.kth.se,2026,2026-10-06,No verified international bachelor fee on an official page (fill in by hand)
lund,Lund University,Lund;LU,Sweden,Lund,,Undergraduate;Masters;PhD,,,,,,,,,,,,,unknown,,https://www.lunduniversity.lu.se,2026,2026-10-06,No verified international bachelor fee on an official page (fill in by hand)
uppsala,Uppsala University,Uppsala,Sweden,Uppsala,,Undergraduate;Masters;PhD,,,,,,,,,,,,,unknown,,https://www.uu.se,2026,2026-10-06,No verified international bachelor fee on an official page (fill in by hand)
dtu,Technical University of Denmark,DTU,Denmark,Kongens Lyngby,,Undergraduate;Masters;PhD,15000,EUR,Annual BSc fee for non-EU/EEA students (General Engineering),year not stated on the page (checked 2026-10-06),https://www.dtu.dk/english/education/undergraduate/general-engineering/admission-and-deadlines/fees-funding-and-permits,,,,,,,,unknown,,https://www.dtu.dk,2026,2026-10-06,
ku-copenhagen,University of Copenhagen,UCPH;Københavns Universitet,Denmark,Copenhagen,University of Copenhagen,Undergraduate;Masters;PhD,,,,,,,,,,,,,unknown,,https://www.ku.dk,2026,2026-10-06,No verified international bachelor fee on an official page (fill in by hand)
aarhus,Aarhus University,Aarhus;AU,Denmark,Aarhus,,Undergraduate;Masters;PhD,,,,,,,,,,,,,unknown,,https://international.au.dk,2026,2026-10-06,No verified international bachelor fee on an official page (fill in by hand)
uio,University of Oslo,UiO;Universitetet i Oslo,Norway,Oslo,University of Oslo,Undergraduate;Masters;PhD,,,,,,,,,,,,,unknown,,https://www.uio.no,2026,2026-10-06,No verified international bachelor fee on an official page (fill in by hand)
ntnu,Norwegian University of Science and Technology,NTNU,Norway,Trondheim,,Undergraduate;Masters;PhD,,,,,,,,,,,,,unknown,,https://www.ntnu.edu,2026,2026-10-06,"No English-taught bachelor programmes listed for international applicants, so no bachelor fee applies"
nus,National University of Singapore,NUS,Singapore,Singapore,National University of Singapore,Undergraduate;Masters;PhD,,,,,,,,,,,,,unknown,,https://www.nus.edu.sg,2026,2026-10-06,No verified international bachelor fee on an official page (fill in by hand)
ntu-sg,Nanyang Technological University,NTU;NTU Singapore,Singapore,Singapore,Nanyang Technological University,Undergraduate;Masters;PhD,21400,SGD,"Lowest subsidised fee for international students with the MOE Tuition Grant (2026 intake; which requires working in Singapore for 3 years after graduating). Without the grant: S$36,350–40,600",2026 intake,https://www.ntu.edu.sg/admissions/undergraduate/financial-matters/tuition-fees/accepted-programme-offer-in-2026,,,,,,,,unknown,,https://www.ntu.edu.sg,2026,2026-10-06,
utokyo,University of Tokyo,UTokyo;Todai,Japan,Tokyo,University of Tokyo,Undergraduate;Masters;PhD,642960,JPY,Annual undergraduate tuition for students enrolled in 2025 or later,students enrolled from 2025,https://www.u-tokyo.ac.jp/en/prospective-students/tuition_fees.html,,,,,,,,unknown,,https://www.u-tokyo.ac.jp,2026,2026-10-06,
kyoto,Kyoto University,Kyodai;KyotoU,Japan,Kyoto,Kyoto University,Undergraduate;Masters;PhD,535800,JPY,Annual undergraduate tuition (same for international students),year not stated on the page (checked 2026-10-06),https://www.kyoto-u.ac.jp/en/education-campus/faq/2-2,,,,,,,,unknown,,https://www.kyoto-u.ac.jp,2026,2026-10-06,
osaka,Osaka University,Handai,Japan,Osaka,,Undergraduate;Masters;PhD,535800,JPY,Annual undergraduate tuition (same for international students),year not stated on the page (checked 2026-10-06),https://www.osaka-u.ac.jp/en/campus/tuition/tuition.html,,,,,,,,unknown,,https://www.osaka-u.ac.jp,2026,2026-10-06,
tohoku,Tohoku University,Tohoku,Japan,Sendai,,Undergraduate;Masters;PhD,535800,JPY,Annual undergraduate tuition (same for international students),year not stated on the page (checked 2026-10-06),https://www.tohoku.ac.jp/en/admissions/tutition_fees.html,,,,,,,,unknown,,https://www.tohoku.ac.jp,2026,2026-10-06,
cuhk,The Chinese University of Hong Kong,CUHK,Hong Kong,Hong Kong,,Undergraduate;Masters;PhD,230000,HKD,Annual undergraduate tuition for non-local students,2027-28,https://admission.cuhk.edu.hk/fees-financing-your-studies/fees/,,,,,,,,unknown,,https://www.cuhk.edu.hk,2027-28,2026-10-06,
hku,The University of Hong Kong,HKU,Hong Kong,Hong Kong,The University of Hong Kong,Undergraduate;Masters;PhD,250000,HKD,"Annual non-local undergraduate fee for non-STEM programmes (STEM HK$280,000)",2027-28,https://admissions.hku.hk/fees-and-scholarships/fees,,,,,,,,unknown,,https://www.hku.hk,2027-28,2026-10-06,
hkust,Hong Kong University of Science and Technology,HKUST,Hong Kong,Hong Kong,Hong Kong University of Science and Technology,Undergraduate;Masters;PhD,260000,HKD,Annual undergraduate tuition for non-local students,2027-28,https://join.hkust.edu.hk/fees-and-scholarships,,,,,,,,unknown,,https://hkust.edu.hk,2027-28,2026-10-06,
cityu,City University of Hong Kong,CityU,Hong Kong,Hong Kong,,Undergraduate;Masters;PhD,240000,HKD,Annual undergraduate tuition for non-local students,year not stated on the page (checked 2026-10-06),https://www.cityu.edu.hk/admo/fees-and-scholarships,,,,,,,,unknown,,https://www.cityu.edu.hk,2026,2026-10-06,
kaist,KAIST,Korea Advanced Institute of Science and Technology,South Korea,Daejeon,KAIST,Undergraduate;Masters;PhD,0,KRW,Full tuition exemption for 8 semesters for admitted international undergraduates who keep a GPA above 2.7/4.3; otherwise tuition is charged,year not stated on the page (checked 2026-10-06),https://admission.kaist.ac.kr/intl-undergraduate/support/scholarships/kaist,,,,,,,,unknown,,https://www.kaist.ac.kr,2026,2026-10-06,
snu,Seoul National University,SNU,South Korea,Seoul,Seoul National University,Undergraduate;Masters;PhD,,,,,,,,,,,,,unknown,,https://en.snu.ac.kr,2026,2026-10-06,No verified international bachelor fee on an official page (fill in by hand)
yonsei,Yonsei University,Yonsei,South Korea,Seoul,,Undergraduate;Masters;PhD,,,,,,,,,,,,,unknown,,https://www.yonsei.ac.kr,2026,2026-10-06,No verified international bachelor fee on an official page (fill in by hand)
korea-univ,Korea University,KU;Korea Univ,South Korea,Seoul,,Undergraduate;Masters;PhD,,,,,,,,,,,,,unknown,,https://www.korea.edu,2026,2026-10-06,Not checked yet: fill in tuition by hand from the official fees page
postech,POSTECH,Pohang University of Science and Technology,South Korea,Pohang,,Undergraduate;Masters;PhD,,,,,,,,,,,,,unknown,,https://www.postech.ac.kr,2026,2026-10-06,Not checked yet: fill in tuition by hand from the official fees page
ntu-tw,National Taiwan University,NTU Taiwan;NTU,Taiwan,Taipei,,Undergraduate;Masters;PhD,100920,TWD,"TWD 50,460 per semester × 2 (Liberal Arts, Social Sciences and Law; lowest group). Not converted to US dollars: the ECB publishes no TWD rate",year not stated on the page (checked 2026-10-06),https://admissions.ntu.edu.tw/fees-scholarships/tuition-fees/,,,,,,,,unknown,,https://www.ntu.edu.tw,2026,2026-10-06,
tsinghua,Tsinghua University,Tsinghua;THU,China,Beijing,Tsinghua University,Undergraduate;Masters;PhD,,,,,,,,,,,,,unknown,,https://www.tsinghua.edu.cn/en,2026,2026-10-06,No verified international bachelor fee on an official page (fill in by hand)
pku,Peking University,PKU;Beida,China,Beijing,Peking University,Undergraduate;Masters;PhD,,,,,,,,,,,,,unknown,,https://english.pku.edu.cn,2026,2026-10-06,No verified international bachelor fee on an official page (fill in by hand)
fudan,Fudan University,Fudan,China,Shanghai,,Undergraduate;Masters;PhD,,,,,,,,,,,,,unknown,,https://www.fudan.edu.cn/en,2026,2026-10-06,No verified international bachelor fee on an official page (fill in by hand)
sjtu,Shanghai Jiao Tong University,SJTU,China,Shanghai,,Undergraduate;Masters;PhD,,,,,,,,,,,,,unknown,,https://en.sjtu.edu.cn,2026,2026-10-06,Not checked yet: fill in tuition by hand from the official fees page
zju,Zhejiang University,ZJU,China,Hangzhou,,Undergraduate;Masters;PhD,,,,,,,,,,,,,unknown,,https://www.zju.edu.cn/english,2026,2026-10-06,Not checked yet: fill in tuition by hand from the official fees page
iitb,Indian Institute of Technology Bombay,IIT Bombay;IITB,India,Mumbai,Indian Institute of Technology Bombay,Undergraduate;Masters;PhD,,,,,,,,,,,,,unknown,,https://www.iitb.ac.in,2026,2026-10-06,Not checked yet: fill in tuition by hand from the official fees page
iitd,Indian Institute of Technology Delhi,IIT Delhi;IITD,India,New Delhi,,Undergraduate;Masters;PhD,,,,,,,,,,,,,unknown,,https://home.iitd.ac.in,2026,2026-10-06,No verified international bachelor fee on an official page (fill in by hand)
iitm,Indian Institute of Technology Madras,IIT Madras;IITM,India,Chennai,,Undergraduate;Masters;PhD,,,,,,,,,,,,,unknown,,https://www.iitm.ac.in,2026,2026-10-06,Not checked yet: fill in tuition by hand from the official fees page
iisc,Indian Institute of Science,IISc,India,Bengaluru,,Undergraduate;Masters;PhD,,,,,,,,,,,,,unknown,,https://iisc.ac.in,2026,2026-10-06,No verified international bachelor fee on an official page (fill in by hand)
um,Universiti Malaya,UM;University of Malaya,Malaysia,Kuala Lumpur,Universiti Malaya,Undergraduate;Masters;PhD,,,,,,,,,,,,,unknown,,https://www.um.edu.my,2026,2026-10-06,No verified international bachelor fee on an official page (fill in by hand)
unibo,University of Bologna,UNIBO;Università di Bologna,Italy,Bologna,University of Bologna,Undergraduate;Masters;PhD,,,,,,,,,,,,,unknown,,https://www.unibo.it,2026,2026-10-06,No verified international bachelor fee on an official page (fill in by hand)
polimi,Politecnico di Milano,PoliMi;Polimi,Italy,Milan,Politecnico di Milano,Undergraduate;Masters;PhD,,,,,,,,,,,,,unknown,,https://www.polimi.it,2026,2026-10-06,No verified international bachelor fee on an official page (fill in by hand)
polito,Politecnico di Torino,PoliTo,Italy,Turin,,Undergraduate;Masters;PhD,,,,,,,,,,,,,unknown,,https://www.polito.it,2026,2026-10-06,Not checked yet: fill in tuition by hand from the official fees page
sapienza,Sapienza University of Rome,Sapienza;La Sapienza,Italy,Rome,,Undergraduate;Masters;PhD,,,,,,,,,,,,,unknown,,https://www.uniroma1.it,2026,2026-10-06,Not checked yet: fill in tuition by hand from the official fees page
ucd,University College Dublin,UCD,Ireland,Dublin,,Undergraduate;Masters;PhD,,,,,,,,,,,,,unknown,,https://www.ucd.ie,2026,2026-10-06,No verified international bachelor fee on an official page (fill in by hand)
tcd,Trinity College Dublin,Trinity;TCD,Ireland,Dublin,Trinity College Dublin,Undergraduate;Masters;PhD,,,,,,,,,,,,,unknown,,https://www.tcd.ie,2026,2026-10-06,No verified international bachelor fee on an official page (fill in by hand)
univie,University of Vienna,Universität Wien;UniVie,Austria,Vienna,University of Vienna,Undergraduate;Masters;PhD,,,,,,,,,,,,,unknown,,https://www.univie.ac.at,2026,2026-10-06,No verified international bachelor fee on an official page (fill in by hand)
tuwien,TU Wien,Vienna University of Technology;Technische Universität Wien,Austria,Vienna,,Undergraduate;Masters;PhD,1453.44,EUR,€726.72 per semester × 2 for non-EU/EEA students,year not stated on the page (checked 2026-10-06),https://www.tuwien.at/en/studies/admission/students-union-fee-and-tuition-fee/tuition-fee,,,,,,,,unknown,,https://www.tuwien.at,2026,2026-10-06,
kuleuven,KU Leuven,Leuven;Katholieke Universiteit Leuven,Belgium,Leuven,KU Leuven,Undergraduate;Masters;PhD,9493.92,EUR,Non-EEA tuition for a full year of 60 credits (standard rate),2026-27,https://www.kuleuven.be/english/education/student/fees/tuition-fee-breakdown,,,,,,,,unknown,,https://www.kuleuven.be,2026-27,2026-10-06,
ugent,Ghent University,UGent;Universiteit Gent,Belgium,Ghent,,Undergraduate;Masters;PhD,,,,,,,,,,,,,unknown,,https://www.ugent.be,2026,2026-10-06,No verified international bachelor fee on an official page (fill in by hand)
ub,University of Barcelona,UB;Universitat de Barcelona,Spain,Barcelona,University of Barcelona,Undergraduate;Masters;PhD,,,,,,,,,,,,,unknown,,https://web.ub.edu,2026,2026-10-06,No verified international bachelor fee on an official page (fill in by hand)
auckland,University of Auckland,UoA;Auckland,New Zealand,Auckland,University of Auckland,Undergraduate;Masters;PhD,42236.40,NZD,Annual international fee for the Bachelor of Arts (lowest listed group); other degrees cost more,2027,https://www.auckland.ac.nz/en/study/fees-and-money-matters/tuition-fees/international-student-fees/undergraduate-international-fees.html,,,,,,,,unknown,,https://www.auckland.ac.nz,2027,2026-10-06,
nyuad,NYU Abu Dhabi,NYUAD;New York University Abu Dhabi,United Arab Emirates,Abu Dhabi,,Undergraduate;Masters;PhD,68574,USD,"Annual tuition (before financial aid, which NYUAD awards on need)",2026-27,https://nyuad.nyu.edu/en/apply/undergraduate/scholarships-and-financial-aid/cost-of-attendance.html,,,,,,,,unknown,,https://nyuad.nyu.edu,2026-27,2026-10-06,
khalifa,Khalifa University,KU Abu Dhabi;Khalifa University of Science and Technology,United Arab Emirates,Abu Dhabi,Khalifa University,Undergraduate;Masters;PhD,,,,,,,,,,,,,unknown,,https://www.ku.ac.ae,2026,2026-10-06,No verified international bachelor fee on an official page (fill in by hand)
