key,our_name,our_country,ror,leiden_name,leiden_country,method,confidence,accepted,note
curated:polytechnique,École Polytechnique,France,042tfbd02,Institut Polytechnique de Paris (EPE),France,one of OpenAlex's other names + country,low,no,needs review
curated:nyuad,NYU Abu Dhabi,United Arab Emirates,01r3kjq03,Abu Dhabi University,United Arab Emirates,similar name + country (0.60),low,no,reviewed: different institution (Abu Dhabi University is unrelated to NYU)
scorecard:433004,American University of Health Sciences,United States,05167c961,Western University of Health Sciences,United States,similar name + country (0.60),low,no,reviewed: different institution
scorecard:219639,Baptist Health Sciences University,United States,05167c961,Western University of Health Sciences,United States,similar name + country (0.60),low,no,reviewed: different institution
scorecard:426314,Embry-Riddle Aeronautical University-Worldwide,United States,010jskt71,Embry-Riddle Aeronautical University,United States,IPEDS id → Wikidata → ROR id,high,no,"reviewed: online campus; Wikidata links its IPEDS id to the whole university, whose research happens at the residential campuses"
scorecard:226833,Midwestern State University,United States,046yatd98,Midwestern University,United States,similar name + country (0.67),low,no,reviewed: different institution (Texas; Midwestern University is in Illinois/Arizona)
scorecard:399911,Soka University of America,United States,03s0c9350,The University of America,United States,similar name + country (0.67),low,no,reviewed: different institution
scorecard:218733,South Carolina State University,United States,012jban78,Medical University of South Carolina,United States,similar name + country (0.60),low,no,reviewed: different institution
scorecard:161873,University of Baltimore,United States,04rq5mt64,"University of Maryland, Baltimore",United States,similar name + country (0.67),low,no,"reviewed: different institution (not part of the University of Maryland, Baltimore)"
scorecard:218645,University of South Carolina Aiken,United States,012jban78,Medical University of South Carolina,United States,similar name + country (0.60),low,no,"reviewed: different institution (a USC campus, not the Medical University of South Carolina)"
scorecard:218654,University of South Carolina Beaufort,United States,012jban78,Medical University of South Carolina,United States,similar name + country (0.60),low,no,"reviewed: different institution (a USC campus, not the Medical University of South Carolina)"
scorecard:218742,University of South Carolina-Upstate,United States,012jban78,Medical University of South Carolina,United States,similar name + country (0.60),low,no,"reviewed: different institution (a USC campus, not the Medical University of South Carolina)"
curated:anu,Australian National University,Australia,019wvm592,Australian National University,Australia,website domain + country,high,yes,
curated:monash,Monash University,Australia,02bfwt286,Monash University,Australia,website domain + country,high,yes,
curated:unimelb,University of Melbourne,Australia,01ej9dk98,University of Melbourne,Australia,website domain + country,high,yes,
curated:uq,University of Queensland,Australia,00rqy9422,University of Queensland,Australia,website domain + country,high,yes,
curated:usyd,University of Sydney,Australia,0384j8v12,University of Sydney,Australia,website domain + country,high,yes,
curated:uts,University of Technology Sydney,Australia,03f0f6041,"University of Technology, Sydney",Australia,website domain + country,high,yes,
curated:uwa,University of Western Australia,Australia,047272k79,University of Western Australia,Australia,website domain + country,high,yes,
curated:unsw,UNSW Sydney,Australia,03r8z3t63,University of New South Wales,Australia,website domain + country,high,yes,
curated:tuwien,TU Wien,Austria,04d836q62,Vienna University of Technology,Austria,website domain + country,high,yes,
curated:univie,University of Vienna,Austria,03prydq77,University of Vienna,Austria,website domain + country,high,yes,
curated:ugent,Ghent University,Belgium,00cv9y106,Ghent University,Belgium,website domain + country,high,yes,
curated:kuleuven,KU Leuven,Belgium,05f950310,Katholieke Universiteit Leuven,Belgium,website domain + country,high,yes,
curated:mcgill,McGill University,Canada,01pxwe438,McGill University,Canada,website domain + country,high,yes,
curated:mcmaster,McMaster University,Canada,02fa3aq29,McMaster University,Canada,website domain + country,high,yes,
curated:queens,Queen's University,Canada,02y72wh86,Queen's University,Canada,website domain + country,high,yes,
curated:sfu,Simon Fraser University,Canada,0213rcc28,Simon Fraser University,Canada,website domain + country,high,yes,
curated:umontreal,Université de Montréal,Canada,0161xgx34,Université de Montréal,Canada,website domain + country,high,yes,
curated:ualberta,University of Alberta,Canada,0160cpw27,University of Alberta,Canada,website domain + country,high,yes,
curated:ubc,University of British Columbia,Canada,03rmrcq20,University of British Columbia,Canada,website domain + country,high,yes,
curated:ucalgary,University of Calgary,Canada,03yjb2x39,University of Calgary,Canada,website domain + country,high,yes,
curated:uottawa,University of Ottawa,Canada,03c4mmv16,University of Ottawa,Canada,website domain + country,high,yes,
curated:utoronto,University of Toronto,Canada,03dbr7087,University of Toronto,Canada,website domain + country,high,yes,
curated:uwaterloo,University of Waterloo,Canada,01aff2v68,University of Waterloo,Canada,website domain + country,high,yes,
curated:western,Western University,Canada,02grkyz14,"Western University, Canada",Canada,website domain + country,high,yes,
curated:fudan,Fudan University,China,013q1eq08,Fudan University,China,website domain + country,high,yes,
curated:pku,Peking University,China,02v51f717,Peking University,China,website domain + country,high,yes,
curated:sjtu,Shanghai Jiao Tong University,China,0220qvk04,Shanghai Jiao Tong University,China,website domain + country,high,yes,
curated:tsinghua,Tsinghua University,China,03cve4549,Tsinghua University,China,website domain + country,high,yes,
curated:zju,Zhejiang University,China,00a2xv884,Zhejiang University,China,website domain + country,high,yes,
curated:aarhus,Aarhus University,Denmark,01aj84f44,Aarhus University,Denmark,website domain + country,high,yes,
curated:dtu,Technical University of Denmark,Denmark,04qtj9h94,Technical University of Denmark,Denmark,website domain + country,high,yes,
curated:ku-copenhagen,University of Copenhagen,Denmark,035b05819,University of Copenhagen,Denmark,website domain + country,high,yes,
curated:aalto,Aalto University,Finland,020hwjq30,Aalto University,Finland,website domain + country,high,yes,
curated:helsinki,University of Helsinki,Finland,040af2s02,University of Helsinki,Finland,website domain + country,high,yes,
curated:sciencespo,Sciences Po,France,05fe7ax82,Sciences Po,France,website domain + country,high,yes,
curated:sorbonne,Sorbonne University,France,02en5vm52,Sorbonne University,France,website domain + country,high,yes,
curated:paris-saclay,Université Paris-Saclay,France,03xjwb503,Université Paris-Saclay (EPE),France,website domain + country,high,yes,
curated:psl,Université PSL,France,013cjyk83,Université PSL,France,website domain + country,high,yes,
curated:heidelberg,Heidelberg University,Germany,038t36y30,Heidelberg University,Germany,website domain + country,high,yes,
curated:hu-berlin,Humboldt-Universität zu Berlin,Germany,01hcx6992,Humboldt-Universität zu Berlin,Germany,website domain + country,high,yes,
curated:kit,Karlsruhe Institute of Technology,Germany,04t3en479,Karlsruhe Institute of Technology,Germany,website domain + country,high,yes,
curated:lmu,LMU Munich,Germany,05591te55,Ludwig-Maximilians-Universität München,Germany,website domain + country,high,yes,
curated:rwth,RWTH Aachen University,Germany,04xfq0f34,RWTH Aachen University,Germany,website domain + country,high,yes,
curated:tum,Technical University of Munich,Germany,02kkvpp62,Technical University of Munich,Germany,website domain + country,high,yes,
curated:tu-berlin,Technische Universität Berlin,Germany,03v4gjf40,Technische Universität Berlin,Germany,website domain + country,high,yes,
curated:cityu,City University of Hong Kong,Hong Kong,03q8dnn23,City University of Hong Kong,China,website domain + country,high,yes,
curated:hkust,Hong Kong University of Science and Technology,Hong Kong,00q4vv597,Hong Kong University of Science and Technology,China,website domain + country,high,yes,
curated:cuhk,The Chinese University of Hong Kong,Hong Kong,00t33hh48,The Chinese University of Hong Kong,China,website domain + country,high,yes,
curated:hku,The University of Hong Kong,Hong Kong,02zhqgq86,University of Hong Kong,China,website domain + country,high,yes,
curated:iisc,Indian Institute of Science,India,04dese585,Indian Institute of Science,India,website domain + country,high,yes,
curated:iitb,Indian Institute of Technology Bombay,India,02qyf5152,Indian Institute of Technology Bombay,India,website domain + country,high,yes,
curated:iitd,Indian Institute of Technology Delhi,India,049tgcd06,Indian Institute of Technology Delhi,India,website domain + country,high,yes,
curated:iitm,Indian Institute of Technology Madras,India,03v0r5n49,Indian Institute of Technology Madras,India,website domain + country,high,yes,
curated:tcd,Trinity College Dublin,Ireland,02tyrky19,"Trinity College Dublin, The University of Dublin",Ireland,website domain + country,high,yes,
curated:ucd,University College Dublin,Ireland,05m7pjf47,University College Dublin,Ireland,website domain + country,high,yes,
curated:polimi,Politecnico di Milano,Italy,01nffqt88,Politecnico di Milano,Italy,website domain + country,high,yes,
curated:polito,Politecnico di Torino,Italy,00bgk9508,Politecnico di Torino,Italy,website domain + country,high,yes,
curated:sapienza,Sapienza University of Rome,Italy,02be6w209,Sapienza University of Rome,Italy,website domain + country,high,yes,
curated:unibo,University of Bologna,Italy,01111rn36,University of Bologna,Italy,website domain + country,high,yes,
curated:kyoto,Kyoto University,Japan,02kpeqv85,Kyoto University,Japan,website domain + country,high,yes,
curated:osaka,Osaka University,Japan,035t8zc32,Osaka University,Japan,website domain + country,high,yes,
curated:tohoku,Tohoku University,Japan,01dq60k83,Tohoku University,Japan,website domain + country,high,yes,
curated:utokyo,University of Tokyo,Japan,057zh3y96,The University of Tokyo,Japan,website domain + country,high,yes,
curated:um,Universiti Malaya,Malaysia,00rzspn62,University of Malaya,Malaysia,website domain + country,high,yes,
curated:tudelft,Delft University of Technology,Netherlands,02e2c7k09,Delft University of Technology,Netherlands,website domain + country,high,yes,
curated:tue,Eindhoven University of Technology,Netherlands,02c2kyt77,Eindhoven University of Technology,Netherlands,website domain + country,high,yes,
curated:eur,Erasmus University Rotterdam,Netherlands,057w15z03,Erasmus University Rotterdam,Netherlands,website domain + country,high,yes,
curated:leiden,Leiden University,Netherlands,027bh9e22,Leiden University,Netherlands,same name + country,medium,yes,
curated:uva,University of Amsterdam,Netherlands,04dkp9463,University of Amsterdam,Netherlands,website domain + country,high,yes,
curated:rug,University of Groningen,Netherlands,012p63287,University of Groningen,Netherlands,website domain + country,high,yes,
curated:uu,Utrecht University,Netherlands,04pp8hn57,Utrecht University,Netherlands,website domain + country,high,yes,
curated:wur,Wageningen University & Research,Netherlands,04qw24q55,Wageningen University & Research,Netherlands,website domain + country,high,yes,
curated:auckland,University of Auckland,New Zealand,03b94tp07,University of Auckland,New Zealand,website domain + country,high,yes,
curated:ntnu,Norwegian University of Science and Technology,Norway,05xg72x27,Norwegian University of Science and Technology,Norway,website domain + country,high,yes,
curated:uio,University of Oslo,Norway,01xtthb56,University of Oslo,Norway,website domain + country,high,yes,
curated:ntu-sg,Nanyang Technological University,Singapore,02e7b5302,Nanyang Technological University,Singapore,website domain + country,high,yes,
curated:nus,National University of Singapore,Singapore,01tgyzw49,National University of Singapore,Singapore,website domain + country,high,yes,
curated:kaist,KAIST,South Korea,05apxxy63,Korea Advanced Institute of Science and Technology,South Korea,website domain + country,high,yes,
curated:korea-univ,Korea University,South Korea,047dqcg40,Korea University,South Korea,same name + country,medium,yes,
curated:postech,POSTECH,South Korea,04xysgw12,Pohang University of Science and Technology,South Korea,website domain + country,high,yes,
curated:snu,Seoul National University,South Korea,04h9pn542,Seoul National University,South Korea,website domain + country,high,yes,
curated:yonsei,Yonsei University,South Korea,01wjejq96,Yonsei University,South Korea,website domain + country,high,yes,
curated:ub,University of Barcelona,Spain,021018s57,University of Barcelona,Spain,website domain + country,high,yes,
curated:chalmers,Chalmers University of Technology,Sweden,040wg7k59,Chalmers University of Technology,Sweden,website domain + country,high,yes,
curated:kth,KTH Royal Institute of Technology,Sweden,026vcq606,KTH Royal Institute of Technology,Sweden,website domain + country,high,yes,
curated:lund,Lund University,Sweden,012a77v79,Lund University,Sweden,website domain + country,high,yes,
curated:su,Stockholm University,Sweden,05f0yaq80,Stockholm University,Sweden,website domain + country,high,yes,
curated:uppsala,Uppsala University,Sweden,048a87296,Uppsala University,Sweden,website domain + country,high,yes,
curated:epfl,EPFL,Switzerland,02s376052,Ecole Polytechnique Fédérale de Lausanne,Switzerland,website domain + country,high,yes,
curated:ethz,ETH Zurich,Switzerland,05a28rw58,ETH Zürich,Switzerland,website domain + country,high,yes,
curated:unige,University of Geneva,Switzerland,01swzsf04,University of Geneva,Switzerland,website domain + country,high,yes,
curated:uzh,University of Zurich,Switzerland,02crff812,University of Zurich,Switzerland,website domain + country,high,yes,
curated:ntu-tw,National Taiwan University,Taiwan,05bqach95,National Taiwan University,Taiwan,website domain + country,high,yes,
curated:khalifa,Khalifa University,United Arab Emirates,05hffr360,Khalifa University of Science and Technology,United Arab Emirates,website domain + country,high,yes,
curated:durham,Durham University,United Kingdom,01v29qb04,Durham University,United Kingdom,same name + country,medium,yes,
curated:imperial,Imperial College London,United Kingdom,041kmwe10,Imperial College London,United Kingdom,website domain + country,high,yes,
curated:kcl,King's College London,United Kingdom,0220mzb33,King's College London,United Kingdom,website domain + country,high,yes,
curated:lse,London School of Economics and Political Science,United Kingdom,0090zs177,London School of Economics and Political Science,United Kingdom,website domain + country,high,yes,
curated:ucl,University College London,United Kingdom,02jx3x895,University College London,United Kingdom,website domain + country,high,yes,
curated:bristol,University of Bristol,United Kingdom,0524sp257,University of Bristol,United Kingdom,website domain + country,high,yes,
curated:cambridge,University of Cambridge,United Kingdom,013meh722,University of Cambridge,United Kingdom,website domain + country,high,yes,
curated:edinburgh,University of Edinburgh,United Kingdom,01nrxwf90,The University of Edinburgh,United Kingdom,website domain + country,high,yes,
curated:glasgow,University of Glasgow,United Kingdom,00vtgdb53,University of Glasgow,United Kingdom,website domain + country,high,yes,
curated:leeds,University of Leeds,United Kingdom,024mrxd33,University of Leeds,United Kingdom,website domain + country,high,yes,
curated:manchester,University of Manchester,United Kingdom,027m9bs27,The University of Manchester,United Kingdom,website domain + country,high,yes,
curated:oxford,University of Oxford,United Kingdom,052gg0110,University of Oxford,United Kingdom,website domain + country,high,yes,
curated:southampton,University of Southampton,United Kingdom,01ryk1543,University of Southampton,United Kingdom,website domain + country,high,yes,
curated:st-andrews,University of St Andrews,United Kingdom,02wn5qz54,University of St Andrews,United Kingdom,website domain + country,high,yes,
curated:warwick,University of Warwick,United Kingdom,01a77tt86,The University of Warwick,United Kingdom,website domain + country,high,yes,
scorecard:131159,American University,United States,052w4zt36,American University,United States,IPEDS id → Wikidata → ROR id,high,yes,
scorecard:197869,Appalachian State University,United States,051m4vc48,Appalachian State University,United States,IPEDS id → Wikidata → ROR id,high,yes,
scorecard:104151,Arizona State University Campus Immersion,United States,03efmqc40,Arizona State University,United States,IPEDS id → Wikidata → ROR id,high,yes,
scorecard:100858,Auburn University,United States,02v80fc35,Auburn University,United States,IPEDS id → Wikidata → ROR id,high,yes,
scorecard:482149,Augusta University,United States,012mef835,Augusta University,United States,IPEDS id → Wikidata → ROR id,high,yes,
scorecard:150136,Ball State University,United States,00k6tx165,Ball State University,United States,IPEDS id → Wikidata → ROR id,high,yes,
scorecard:223232,Baylor University,United States,005781934,Baylor University,United States,IPEDS id → Wikidata → ROR id,high,yes,
scorecard:196079,Binghamton University,United States,008rmbt77,"Binghamton University, State University of New York",United States,IPEDS id → Wikidata → ROR id,high,yes,
scorecard:142115,Boise State University,United States,02e3zdp86,Boise State University,United States,IPEDS id → Wikidata → ROR id,high,yes,
scorecard:164924,Boston College,United States,02n2fzt79,Boston College,United States,IPEDS id → Wikidata → ROR id,high,yes,
scorecard:164988,Boston University,United States,05qwgg493,Boston University,United States,IPEDS id → Wikidata → ROR id,high,yes,
scorecard:201441,Bowling Green State University-Main Campus,United States,00ay7va13,Bowling Green State University,United States,IPEDS id → Wikidata → ROR id,high,yes,
scorecard:165015,Brandeis University,United States,05abbep66,Brandeis University,United States,IPEDS id → Wikidata → ROR id,high,yes,
scorecard:230038,Brigham Young University,United States,047rhhm47,Brigham Young University,United States,IPEDS id → Wikidata → ROR id,high,yes,
scorecard:217156,Brown University,United States,05gq02987,Brown University,United States,IPEDS id → Wikidata → ROR id,high,yes,
scorecard:110404,California Institute of Technology,United States,05dxps055,California Institute of Technology,United States,IPEDS id → Wikidata → ROR id,high,yes,
scorecard:110556,California State University-Fresno,United States,03enmdz06,California State University - Fresno,United States,IPEDS id → Wikidata → ROR id,high,yes,
scorecard:110565,California State University-Fullerton,United States,02avqqw26,"California State University, Fullerton",United States,IPEDS id → Wikidata → ROR id,high,yes,
scorecard:110583,California State University-Long Beach,United States,0080fxk18,"California State University, Long Beach",United States,IPEDS id → Wikidata → ROR id,high,yes,
scorecard:110608,California State University-Northridge,United States,005f5hv41,"California State University, Northridge",United States,IPEDS id → Wikidata → ROR id,high,yes,
scorecard:211440,Carnegie Mellon University,United States,05x2bcf33,Carnegie Mellon University,United States,IPEDS id → Wikidata → ROR id,high,yes,
scorecard:201645,Case Western Reserve University,United States,051fd9666,Case Western Reserve University,United States,IPEDS id → Wikidata → ROR id,high,yes,
scorecard:169248,Central Michigan University,United States,02xawj266,Central Michigan University,United States,IPEDS id → Wikidata → ROR id,high,yes,
scorecard:111948,Chapman University,United States,0452jzg20,Chapman University,United States,IPEDS id → Wikidata → ROR id,high,yes,
scorecard:190044,Clarkson University,United States,03rwgpn18,Clarkson University,United States,IPEDS id → Wikidata → ROR id,high,yes,
scorecard:217882,Clemson University,United States,037s24f05,Clemson University,United States,IPEDS id → Wikidata → ROR id,high,yes,
scorecard:202134,Cleveland State University,United States,002tx1f22,Cleveland State University,United States,IPEDS id → Wikidata → ROR id,high,yes,
scorecard:126775,Colorado School of Mines,United States,04raf6v53,Colorado School of Mines,United States,IPEDS id → Wikidata → ROR id,high,yes,
scorecard:126818,Colorado State University-Fort Collins,United States,03k1gpj17,Colorado State University,United States,IPEDS id → Wikidata → ROR id,high,yes,
scorecard:190150,Columbia University in the City of New York,United States,00hj8s172,Columbia University,United States,IPEDS id → Wikidata → ROR id,high,yes,
scorecard:190415,Cornell University,United States,05bnh6r87,Cornell University,United States,IPEDS id → Wikidata → ROR id,high,yes,
scorecard:181002,Creighton University,United States,05wf30g94,Creighton University,United States,IPEDS id → Wikidata → ROR id,high,yes,
scorecard:190567,CUNY City College,United States,00wmhkr98,City College of New York,United States,IPEDS id → Wikidata → ROR id,high,yes,
scorecard:190576,CUNY Graduate School and University Center,United States,00awd9g61,"The Graduate Center, City University of New York",United States,IPEDS id → Wikidata → ROR id,high,yes,
scorecard:190594,CUNY Hunter College,United States,00g2xk477,"Hunter College, City University of New York",United States,IPEDS id → Wikidata → ROR id,high,yes,
scorecard:182670,Dartmouth College,United States,049s0rh22,Dartmouth College,United States,IPEDS id → Wikidata → ROR id,high,yes,
scorecard:144740,DePaul University,United States,04xtx5t16,DePaul University,United States,IPEDS id → Wikidata → ROR id,high,yes,
scorecard:212054,Drexel University,United States,04bdffz58,Drexel University,United States,IPEDS id → Wikidata → ROR id,high,yes,
scorecard:198419,Duke University,United States,00py81415,Duke University,United States,IPEDS id → Wikidata → ROR id,high,yes,
scorecard:198464,East Carolina University,United States,01vx35703,East Carolina University,United States,IPEDS id → Wikidata → ROR id,high,yes,
scorecard:220075,East Tennessee State University,United States,05rfqv493,East Tennessee State University,United States,IPEDS id → Wikidata → ROR id,high,yes,
scorecard:139658,Emory University,United States,03czfpz43,Emory University,United States,IPEDS id → Wikidata → ROR id,high,yes,
scorecard:133650,Florida Agricultural and Mechanical University,United States,00c4wc133,Florida Agricultural and Mechanical University,United States,IPEDS id → Wikidata → ROR id,high,yes,
scorecard:133669,Florida Atlantic University,United States,05p8w6387,Florida Atlantic University,United States,IPEDS id → Wikidata → ROR id,high,yes,
scorecard:133881,Florida Institute of Technology,United States,04atsbb87,Florida Institute of Technology,United States,IPEDS id → Wikidata → ROR id,high,yes,
scorecard:133951,Florida International University,United States,02gz6gg07,Florida International University,United States,IPEDS id → Wikidata → ROR id,high,yes,
scorecard:134097,Florida State University,United States,05g3dte14,Florida State University,United States,IPEDS id → Wikidata → ROR id,high,yes,
scorecard:191241,Fordham University,United States,03qnxaf80,Fordham University,United States,IPEDS id → Wikidata → ROR id,high,yes,
scorecard:232186,George Mason University,United States,02jqj7156,George Mason University,United States,IPEDS id → Wikidata → ROR id,high,yes,
scorecard:131469,George Washington University,United States,00y4zzh67,George Washington University,United States,IPEDS id → Wikidata → ROR id,high,yes,
scorecard:131496,Georgetown University,United States,05vzafd60,Georgetown University,United States,IPEDS id → Wikidata → ROR id,high,yes,
scorecard:139755,Georgia Institute of Technology-Main Campus,United States,01zkghx44,Georgia Institute of Technology,United States,IPEDS id → Wikidata → ROR id,high,yes,
scorecard:139931,Georgia Southern University,United States,04agmb972,Georgia Southern University,United States,IPEDS id → Wikidata → ROR id,high,yes,
scorecard:139940,Georgia State University,United States,03qt6ba18,Georgia State University,United States,IPEDS id → Wikidata → ROR id,high,yes,
scorecard:166027,Harvard University,United States,03vek6s52,Harvard University,United States,IPEDS id → Wikidata → ROR id,high,yes,
scorecard:191649,Hofstra University,United States,03pm18j10,Hofstra University,United States,IPEDS id → Wikidata → ROR id,high,yes,
scorecard:131520,Howard University,United States,05gt1vc06,Howard University,United States,IPEDS id → Wikidata → ROR id,high,yes,
scorecard:145725,Illinois Institute of Technology,United States,037t3ry66,Illinois Institute of Technology,United States,IPEDS id → Wikidata → ROR id,high,yes,
scorecard:145813,Illinois State University,United States,050kcr883,Illinois State University,United States,IPEDS id → Wikidata → ROR id,high,yes,
scorecard:151351,Indiana University-Bloomington,United States,02k40bc56,"Indiana University, Bloomington",United States,IPEDS id → Wikidata → ROR id,high,yes,
scorecard:153603,Iowa State University,United States,04rswrd78,Iowa State University,United States,IPEDS id → Wikidata → ROR id,high,yes,
scorecard:232423,James Madison University,United States,028pmsz77,James Madison University,United States,IPEDS id → Wikidata → ROR id,high,yes,
scorecard:162928,Johns Hopkins University,United States,00za53h95,Johns Hopkins University,United States,IPEDS id → Wikidata → ROR id,high,yes,
scorecard:220473,Johnson University,United States,04dpnfr42,Johnson University,United States,IPEDS id → Wikidata → ROR id,high,yes,
scorecard:155399,Kansas State University,United States,05p1j8758,Kansas State University,United States,IPEDS id → Wikidata → ROR id,high,yes,
scorecard:486840,Kennesaw State University,United States,00jeqjx33,Kennesaw State University,United States,IPEDS id → Wikidata → ROR id,high,yes,
scorecard:203517,Kent State University at Kent,United States,049pfb863,Kent State University,United States,IPEDS id → Wikidata → ROR id,high,yes,
scorecard:213543,Lehigh University,United States,012afjb06,Lehigh University,United States,IPEDS id → Wikidata → ROR id,high,yes,
scorecard:159391,Louisiana State University and Agricultural & Mechanical College,United States,05ect4e57,Louisiana State University,United States,IPEDS id → Wikidata → ROR id,high,yes,
scorecard:146719,Loyola University Chicago,United States,04b6x2g63,Loyola University Chicago,United States,IPEDS id → Wikidata → ROR id,high,yes,
scorecard:239105,Marquette University,United States,04gr4te78,Marquette University,United States,IPEDS id → Wikidata → ROR id,high,yes,
scorecard:232706,Marymount University,United States,0008kv292,Marymount University,United States,IPEDS id → Wikidata → ROR id,high,yes,
scorecard:166683,Massachusetts Institute of Technology,United States,042nb2s44,Massachusetts Institute of Technology,United States,IPEDS id → Wikidata → ROR id,high,yes,
scorecard:204024,Miami University-Oxford,United States,05nbqxr67,Miami University,United States,IPEDS id → Wikidata → ROR id,high,yes,
scorecard:171100,Michigan State University,United States,05hs6h993,Michigan State University,United States,IPEDS id → Wikidata → ROR id,high,yes,
scorecard:171128,Michigan Technological University,United States,0036rpn28,Michigan Technological University,United States,IPEDS id → Wikidata → ROR id,high,yes,
scorecard:176080,Mississippi State University,United States,0432jq872,Mississippi State University,United States,IPEDS id → Wikidata → ROR id,high,yes,
scorecard:178411,Missouri University of Science and Technology,United States,00scwqd12,Missouri University of Science & Technology,United States,IPEDS id → Wikidata → ROR id,high,yes,
scorecard:180461,Montana State University,United States,02w0trx84,Montana State University,United States,IPEDS id → Wikidata → ROR id,high,yes,
scorecard:185590,Montclair State University,United States,01nxc2t48,Montclair State University,United States,IPEDS id → Wikidata → ROR id,high,yes,
scorecard:185828,New Jersey Institute of Technology,United States,05e74xb87,New Jersey Institute of Technology,United States,IPEDS id → Wikidata → ROR id,high,yes,
scorecard:188030,New Mexico State University-Main Campus,United States,00hpz7z43,New Mexico State University,United States,IPEDS id → Wikidata → ROR id,high,yes,
scorecard:193900,New York University,United States,0190ak572,New York University,United States,IPEDS id → Wikidata → ROR id,high,yes,
scorecard:199102,North Carolina A & T State University,United States,02aze4h65,North Carolina A & T State University,United States,IPEDS id → Wikidata → ROR id,high,yes,
scorecard:199193,North Carolina State University at Raleigh,United States,04tj63d06,North Carolina State University,United States,IPEDS id → Wikidata → ROR id,high,yes,
scorecard:200332,North Dakota State University-Main Campus,United States,05h1bnb22,North Dakota State University,United States,IPEDS id → Wikidata → ROR id,high,yes,
scorecard:167358,Northeastern University,United States,04t5xt781,"Northeastern University, USA",United States,IPEDS id → Wikidata → ROR id,high,yes,
scorecard:105330,Northern Arizona University,United States,0272j5188,Northern Arizona University,United States,IPEDS id → Wikidata → ROR id,high,yes,
scorecard:147703,Northern Illinois University,United States,012wxa772,Northern Illinois University,United States,IPEDS id → Wikidata → ROR id,high,yes,
scorecard:147767,Northwestern University,United States,000e0be47,Northwestern University,United States,IPEDS id → Wikidata → ROR id,high,yes,
scorecard:136215,Nova Southeastern University,United States,042bbge36,Nova Southeastern University,United States,IPEDS id → Wikidata → ROR id,high,yes,
scorecard:171571,Oakland University,United States,01ythxj32,Oakland University,United States,IPEDS id → Wikidata → ROR id,high,yes,
scorecard:204796,Ohio State University-Main Campus,United States,00rs6vg23,Ohio State University,United States,IPEDS id → Wikidata → ROR id,high,yes,
scorecard:204857,Ohio University-Main Campus,United States,01jr3y717,Ohio University,United States,IPEDS id → Wikidata → ROR id,high,yes,
scorecard:207388,Oklahoma State University-Main Campus,United States,01g9vbr38,"Oklahoma State University, Stillwater",United States,IPEDS id → Wikidata → ROR id,high,yes,
scorecard:232982,Old Dominion University,United States,04zjtrb98,Old Dominion University,United States,IPEDS id → Wikidata → ROR id,high,yes,
scorecard:209542,Oregon State University,United States,00ysfqy60,Oregon State University,United States,IPEDS id → Wikidata → ROR id,high,yes,
scorecard:214777,Pennsylvania State University-Main Campus,United States,04p491231,Pennsylvania State University,United States,IPEDS id → Wikidata → ROR id,high,yes,
scorecard:209807,Portland State University,United States,00yn2fy02,Portland State University,United States,IPEDS id → Wikidata → ROR id,high,yes,
scorecard:186131,Princeton University,United States,00hx57361,Princeton University,United States,IPEDS id → Wikidata → ROR id,high,yes,
scorecard:243780,Purdue University-Main Campus,United States,02dqehb95,Purdue University,United States,IPEDS id → Wikidata → ROR id,high,yes,
scorecard:194824,Rensselaer Polytechnic Institute,United States,01rtyzb94,Rensselaer Polytechnic Institute,United States,IPEDS id → Wikidata → ROR id,high,yes,
scorecard:227757,Rice University,United States,008zs3103,Rice University,United States,IPEDS id → Wikidata → ROR id,high,yes,
scorecard:195003,Rochester Institute of Technology,United States,00v4yb702,Rochester Institute of Technology,United States,IPEDS id → Wikidata → ROR id,high,yes,
scorecard:184782,Rowan University,United States,049v69k10,Rowan University,United States,IPEDS id → Wikidata → ROR id,high,yes,
scorecard:179159,Saint Louis University,United States,01p7jjy08,St Louis University,United States,IPEDS id → Wikidata → ROR id,high,yes,
scorecard:122409,San Diego State University,United States,0264fdx42,San Diego State University,United States,IPEDS id → Wikidata → ROR id,high,yes,
scorecard:122597,San Francisco State University,United States,05ykr0121,San Francisco State University,United States,IPEDS id → Wikidata → ROR id,high,yes,
scorecard:122755,San Jose State University,United States,04qyvz380,San Jose State University,United States,IPEDS id → Wikidata → ROR id,high,yes,
scorecard:236595,Seattle University,United States,02jqc0m91,Seattle University,United States,IPEDS id → Wikidata → ROR id,high,yes,
scorecard:219356,South Dakota State University,United States,015jmes13,South Dakota State University,United States,IPEDS id → Wikidata → ROR id,high,yes,
scorecard:149222,Southern Illinois University-Carbondale,United States,049kefs16,"Southern Illinois University, Carbondale",United States,IPEDS id → Wikidata → ROR id,high,yes,
scorecard:228246,Southern Methodist University,United States,042tdr378,Southern Methodist University,United States,IPEDS id → Wikidata → ROR id,high,yes,
scorecard:195809,St. John's University-New York,United States,00bgtad15,St. John's University,United States,IPEDS id → Wikidata → ROR id,high,yes,
scorecard:243744,Stanford University,United States,00f54p054,Stanford University,United States,IPEDS id → Wikidata → ROR id,high,yes,
scorecard:186867,Stevens Institute of Technology,United States,02z43xh36,Stevens Institute of Technology,United States,IPEDS id → Wikidata → ROR id,high,yes,
scorecard:196097,Stony Brook University,United States,05qghxh33,"Stony Brook University, The State University of New York",United States,IPEDS id → Wikidata → ROR id,high,yes,
scorecard:196413,Syracuse University,United States,025r5qe02,Syracuse University,United States,IPEDS id → Wikidata → ROR id,high,yes,
scorecard:216339,Temple University,United States,00kx1jb78,Temple University,United States,IPEDS id → Wikidata → ROR id,high,yes,
scorecard:228723,Texas A&M University-College Station,United States,01f5ytq51,"Texas A&M University, College Station",United States,IPEDS id → Wikidata → ROR id,high,yes,
scorecard:228875,Texas Christian University,United States,054b0b564,Texas Christian University,United States,IPEDS id → Wikidata → ROR id,high,yes,
scorecard:228459,Texas State University,United States,05h9q1g27,Texas State University,United States,IPEDS id → Wikidata → ROR id,high,yes,
scorecard:229115,Texas Tech University,United States,0405mnx93,Texas Tech University,United States,IPEDS id → Wikidata → ROR id,high,yes,
scorecard:131283,The Catholic University of America,United States,047yk3s18,Catholic University of America,United States,IPEDS id → Wikidata → ROR id,high,yes,
scorecard:100751,The University of Alabama,United States,03xrrjk67,"University of Alabama, Tuscaloosa",United States,IPEDS id → Wikidata → ROR id,high,yes,
scorecard:180489,The University of Montana,United States,0078xmk34,University of Montana,United States,IPEDS id → Wikidata → ROR id,high,yes,
scorecard:221759,The University of Tennessee-Knoxville,United States,020f3ap87,"University of Tennessee, Knoxville",United States,IPEDS id → Wikidata → ROR id,high,yes,
scorecard:228769,The University of Texas at Arlington,United States,019kgqr73,University of Texas at Arlington,United States,IPEDS id → Wikidata → ROR id,high,yes,
scorecard:228778,The University of Texas at Austin,United States,00hj54h04,University of Texas at Austin,United States,IPEDS id → Wikidata → ROR id,high,yes,
scorecard:228787,The University of Texas at Dallas,United States,049emcs32,University of Texas at Dallas,United States,IPEDS id → Wikidata → ROR id,high,yes,
scorecard:228796,The University of Texas at El Paso,United States,04d5vba33,University of Texas at El Paso,United States,IPEDS id → Wikidata → ROR id,high,yes,
scorecard:229027,The University of Texas at San Antonio,United States,01kd65564,University of Texas at San Antonio,United States,IPEDS id → Wikidata → ROR id,high,yes,
scorecard:227368,The University of Texas Rio Grande Valley,United States,02p5xjf12,The University of Texas Rio Grande Valley,United States,IPEDS id → Wikidata → ROR id,high,yes,
scorecard:216366,Thomas Jefferson University,United States,00ysqcn41,Thomas Jefferson University,United States,IPEDS id → Wikidata → ROR id,high,yes,
scorecard:164076,Towson University,United States,044w7a341,Towson University,United States,IPEDS id → Wikidata → ROR id,high,yes,
scorecard:168148,Tufts University,United States,05wvpxv85,Tufts University,United States,IPEDS id → Wikidata → ROR id,high,yes,
scorecard:160755,Tulane University of Louisiana,United States,04vmvtb21,Tulane University,United States,IPEDS id → Wikidata → ROR id,high,yes,
scorecard:196060,University at Albany,United States,012zs8222,"University at Albany, The State University of New York",United States,IPEDS id → Wikidata → ROR id,high,yes,
scorecard:196088,University at Buffalo,United States,01y64my43,"University at Buffalo, The State University of New York",United States,IPEDS id → Wikidata → ROR id,high,yes,
scorecard:200800,University of Akron Main Campus,United States,02kyckx55,University of Akron,United States,IPEDS id → Wikidata → ROR id,high,yes,
scorecard:100663,University of Alabama at Birmingham,United States,008s83205,"University of Alabama, Birmingham",United States,IPEDS id → Wikidata → ROR id,high,yes,
scorecard:100706,University of Alabama in Huntsville,United States,02zsxwr40,"University of Alabama, Huntsville",United States,IPEDS id → Wikidata → ROR id,high,yes,
scorecard:104179,University of Arizona,United States,03m2x1q45,University of Arizona,United States,IPEDS id → Wikidata → ROR id,high,yes,
scorecard:106397,University of Arkansas,United States,05jbt9m15,"University of Arkansas, Fayetteville",United States,IPEDS id → Wikidata → ROR id,high,yes,
scorecard:110635,University of California-Berkeley,United States,01an7q238,"University of California, Berkeley",United States,IPEDS id → Wikidata → ROR id,high,yes,
scorecard:110644,University of California-Davis,United States,05rrcem69,"University of California, Davis",United States,IPEDS id → Wikidata → ROR id,high,yes,
scorecard:110653,University of California-Irvine,United States,04gyf1771,"University of California, Irvine",United States,IPEDS id → Wikidata → ROR id,high,yes,
scorecard:110662,University of California-Los Angeles,United States,046rm7j60,"University of California, Los Angeles",United States,IPEDS id → Wikidata → ROR id,high,yes,
scorecard:445188,University of California-Merced,United States,00d9ah105,"University of California, Merced",United States,IPEDS id → Wikidata → ROR id,high,yes,
scorecard:110671,University of California-Riverside,United States,03nawhv43,"University of California, Riverside",United States,IPEDS id → Wikidata → ROR id,high,yes,
scorecard:110680,University of California-San Diego,United States,0168r3w48,"University of California, San Diego",United States,IPEDS id → Wikidata → ROR id,high,yes,
scorecard:110705,University of California-Santa Barbara,United States,02t274463,"University of California, Santa Barbara",United States,IPEDS id → Wikidata → ROR id,high,yes,
scorecard:110714,University of California-Santa Cruz,United States,03s65by71,"University of California, Santa Cruz",United States,IPEDS id → Wikidata → ROR id,high,yes,
scorecard:132903,University of Central Florida,United States,036nfer12,University of Central Florida,United States,IPEDS id → Wikidata → ROR id,high,yes,
scorecard:144050,University of Chicago,United States,024mw5h28,University of Chicago,United States,IPEDS id → Wikidata → ROR id,high,yes,
scorecard:201885,University of Cincinnati-Main Campus,United States,01e3m7079,University of Cincinnati,United States,IPEDS id → Wikidata → ROR id,high,yes,
scorecard:126614,University of Colorado Boulder,United States,02ttsq026,"University of Colorado, Boulder",United States,IPEDS id → Wikidata → ROR id,high,yes,
scorecard:126580,University of Colorado Colorado Springs,United States,054spjc55,University of Colorado Colorado Springs,United States,IPEDS id → Wikidata → ROR id,high,yes,
scorecard:126562,University of Colorado Denver/Anschutz Medical Campus,United States,02hh7en24,"University of Colorado, Denver",United States,IPEDS id → Wikidata → ROR id,high,yes,
scorecard:129020,University of Connecticut,United States,02der9h97,University of Connecticut,United States,IPEDS id → Wikidata → ROR id,high,yes,
scorecard:202480,University of Dayton,United States,021v3qy27,University of Dayton,United States,IPEDS id → Wikidata → ROR id,high,yes,
scorecard:130943,University of Delaware,United States,01sbq1a82,University of Delaware,United States,IPEDS id → Wikidata → ROR id,high,yes,
scorecard:127060,University of Denver,United States,04w7skc03,University of Denver,United States,IPEDS id → Wikidata → ROR id,high,yes,
scorecard:134130,University of Florida,United States,02y3ad647,University of Florida,United States,IPEDS id → Wikidata → ROR id,high,yes,
scorecard:139959,University of Georgia,United States,00te3t702,"University of Georgia, Athens",United States,IPEDS id → Wikidata → ROR id,high,yes,
scorecard:141574,University of Hawaii at Manoa,United States,01wspgy28,"University of Hawaii, Manoa",United States,IPEDS id → Wikidata → ROR id,high,yes,
scorecard:225511,University of Houston,United States,048sx0r50,University of Houston,United States,IPEDS id → Wikidata → ROR id,high,yes,
scorecard:142285,University of Idaho,United States,03hbp5t65,University of Idaho,United States,IPEDS id → Wikidata → ROR id,high,yes,
scorecard:145600,University of Illinois Chicago,United States,02mpq6x41,"University of Illinois, Chicago",United States,IPEDS id → Wikidata → ROR id,high,yes,
scorecard:145637,University of Illinois Urbana-Champaign,United States,047426m28,"University of Illinois, Urbana-Champaign",United States,IPEDS id → Wikidata → ROR id,high,yes,
scorecard:151263,University of Indianapolis,United States,052133d12,University of Indianapolis,United States,IPEDS id → Wikidata → ROR id,high,yes,
scorecard:153658,University of Iowa,United States,036jqmy94,University of Iowa,United States,IPEDS id → Wikidata → ROR id,high,yes,
scorecard:155317,University of Kansas,United States,001tmjg57,University of Kansas,United States,IPEDS id → Wikidata → ROR id,high,yes,
scorecard:157085,University of Kentucky,United States,02k3smh20,University of Kentucky,United States,IPEDS id → Wikidata → ROR id,high,yes,
scorecard:160658,University of Louisiana at Lafayette,United States,01x8rc503,University of Louisiana at Lafayette,United States,IPEDS id → Wikidata → ROR id,high,yes,
scorecard:157289,University of Louisville,United States,01ckdn478,University of Louisville,United States,IPEDS id → Wikidata → ROR id,high,yes,
scorecard:161253,University of Maine,United States,01adr0w49,"University of Maine, Orono",United States,IPEDS id → Wikidata → ROR id,high,yes,
scorecard:163268,University of Maryland-Baltimore County,United States,02qskvh78,"University of Maryland, Baltimore County",United States,IPEDS id → Wikidata → ROR id,high,yes,
scorecard:163286,University of Maryland-College Park,United States,047s2c258,"University of Maryland, College Park",United States,IPEDS id → Wikidata → ROR id,high,yes,
scorecard:166629,University of Massachusetts-Amherst,United States,0072zz521,University of Massachusetts Amherst,United States,IPEDS id → Wikidata → ROR id,high,yes,
scorecard:166638,University of Massachusetts-Boston,United States,04ydmy275,University of Massachusetts Boston,United States,IPEDS id → Wikidata → ROR id,high,yes,
scorecard:166513,University of Massachusetts-Lowell,United States,03hamhx47,University of Massachusetts Lowell,United States,IPEDS id → Wikidata → ROR id,high,yes,
scorecard:220862,University of Memphis,United States,01cq23130,University of Memphis,United States,IPEDS id → Wikidata → ROR id,high,yes,
scorecard:135726,University of Miami,United States,02dgjyy92,University of Miami,United States,IPEDS id → Wikidata → ROR id,high,yes,
scorecard:170976,University of Michigan-Ann Arbor,United States,00jmfr291,University of Michigan,United States,IPEDS id → Wikidata → ROR id,high,yes,
scorecard:174233,University of Minnesota-Duluth,United States,01hy4qx27,"University of Minnesota, Duluth",United States,IPEDS id → Wikidata → ROR id,high,yes,
scorecard:174066,University of Minnesota-Twin Cities,United States,017zqws13,"University of Minnesota, Twin Cities",United States,IPEDS id → Wikidata → ROR id,high,yes,
scorecard:176017,University of Mississippi,United States,02teq1165,University of Mississippi,United States,IPEDS id → Wikidata → ROR id,high,yes,
scorecard:178396,University of Missouri-Columbia,United States,02ymw8z06,"University of Missouri, Columbia",United States,IPEDS id → Wikidata → ROR id,high,yes,
scorecard:178402,University of Missouri-Kansas City,United States,01w0d5g70,"University of Missouri, Kansas City",United States,IPEDS id → Wikidata → ROR id,high,yes,
scorecard:178420,University of Missouri-St Louis,United States,037cnag11,"University of Missouri, St Louis",United States,IPEDS id → Wikidata → ROR id,high,yes,
scorecard:181394,University of Nebraska at Omaha,United States,04yrkc140,"University of Nebraska, Omaha",United States,IPEDS id → Wikidata → ROR id,high,yes,
scorecard:181464,University of Nebraska-Lincoln,United States,043mer456,"University of Nebraska, Lincoln",United States,IPEDS id → Wikidata → ROR id,high,yes,
scorecard:182281,University of Nevada-Las Vegas,United States,0406gha72,"University of Nevada, Las Vegas",United States,IPEDS id → Wikidata → ROR id,high,yes,
scorecard:182290,University of Nevada-Reno,United States,01keh0577,"University of Nevada, Reno",United States,IPEDS id → Wikidata → ROR id,high,yes,
scorecard:183044,University of New Hampshire-Main Campus,United States,01rmh9n78,University of New Hampshire,United States,IPEDS id → Wikidata → ROR id,high,yes,
scorecard:187985,University of New Mexico-Main Campus,United States,05fs6jp91,University of New Mexico,United States,IPEDS id → Wikidata → ROR id,high,yes,
scorecard:199120,University of North Carolina at Chapel Hill,United States,0130frc33,"University of North Carolina, Chapel Hill",United States,IPEDS id → Wikidata → ROR id,high,yes,
scorecard:199139,University of North Carolina at Charlotte,United States,04dawnj30,"University of North Carolina, Charlotte",United States,IPEDS id → Wikidata → ROR id,high,yes,
scorecard:199148,University of North Carolina at Greensboro,United States,04fnxsj42,"University of North Carolina, Greensboro",United States,IPEDS id → Wikidata → ROR id,high,yes,
scorecard:199218,University of North Carolina Wilmington,United States,02t0qr014,University of North Carolina at Wilmington,United States,IPEDS id → Wikidata → ROR id,high,yes,
scorecard:200280,University of North Dakota,United States,04a5szx83,University of North Dakota,United States,IPEDS id → Wikidata → ROR id,high,yes,
scorecard:136172,University of North Florida,United States,01j903a45,University of North Florida,United States,IPEDS id → Wikidata → ROR id,high,yes,
scorecard:227216,University of North Texas,United States,00v97ad02,University of North Texas,United States,IPEDS id → Wikidata → ROR id,high,yes,
scorecard:152080,University of Notre Dame,United States,00mkhxb43,University of Notre Dame,United States,IPEDS id → Wikidata → ROR id,high,yes,
scorecard:207500,University of Oklahoma-Norman Campus,United States,02aqsxs83,University of Oklahoma,United States,IPEDS id → Wikidata → ROR id,high,yes,
scorecard:209551,University of Oregon,United States,0293rh119,University of Oregon,United States,IPEDS id → Wikidata → ROR id,high,yes,
scorecard:215062,University of Pennsylvania,United States,00b30xv10,University of Pennsylvania,United States,IPEDS id → Wikidata → ROR id,high,yes,
scorecard:215293,University of Pittsburgh-Pittsburgh Campus,United States,01an3r305,University of Pittsburgh,United States,IPEDS id → Wikidata → ROR id,high,yes,
scorecard:217484,University of Rhode Island,United States,013ckk937,University of Rhode Island,United States,IPEDS id → Wikidata → ROR id,high,yes,
scorecard:195030,University of Rochester,United States,022kthw22,University of Rochester,United States,IPEDS id → Wikidata → ROR id,high,yes,
scorecard:102094,University of South Alabama,United States,01s7b5y08,University of South Alabama,United States,IPEDS id → Wikidata → ROR id,high,yes,
scorecard:218663,University of South Carolina-Columbia,United States,02b6qw903,"University of South Carolina, Columbia",United States,IPEDS id → Wikidata → ROR id,high,yes,
scorecard:219471,University of South Dakota,United States,0043h8f16,University of South Dakota,United States,IPEDS id → Wikidata → ROR id,high,yes,
scorecard:137351,University of South Florida,United States,032db5x82,"University of South Florida, Tampa",United States,IPEDS id → Wikidata → ROR id,high,yes,
scorecard:123961,University of Southern California,United States,03taz7m60,University of Southern California,United States,IPEDS id → Wikidata → ROR id,high,yes,
scorecard:206084,University of Toledo,United States,01pbdzh19,University of Toledo,United States,IPEDS id → Wikidata → ROR id,high,yes,
scorecard:230764,University of Utah,United States,03r0ha626,University of Utah,United States,IPEDS id → Wikidata → ROR id,high,yes,
scorecard:231174,University of Vermont,United States,0155zta11,University of Vermont,United States,IPEDS id → Wikidata → ROR id,high,yes,
scorecard:234076,University of Virginia-Main Campus,United States,0153tk833,University of Virginia,United States,IPEDS id → Wikidata → ROR id,high,yes,
scorecard:236948,University of Washington-Seattle Campus,United States,00cvxb145,"University of Washington, Seattle",United States,IPEDS id → Wikidata → ROR id,high,yes,
scorecard:240444,University of Wisconsin-Madison,United States,01y2jtd41,"University of Wisconsin, Madison",United States,IPEDS id → Wikidata → ROR id,high,yes,
scorecard:240453,University of Wisconsin-Milwaukee,United States,031q21x57,"University of Wisconsin, Milwaukee",United States,IPEDS id → Wikidata → ROR id,high,yes,
scorecard:240727,University of Wyoming,United States,01485tq96,University of Wyoming,United States,IPEDS id → Wikidata → ROR id,high,yes,
scorecard:230728,Utah State University,United States,00h6set76,Utah State University,United States,IPEDS id → Wikidata → ROR id,high,yes,
scorecard:221999,Vanderbilt University,United States,02vm5rt34,Vanderbilt University,United States,IPEDS id → Wikidata → ROR id,high,yes,
scorecard:216597,Villanova University,United States,02g7kd627,Villanova University,United States,IPEDS id → Wikidata → ROR id,high,yes,
scorecard:234030,Virginia Commonwealth University,United States,02nkdxk79,Virginia Commonwealth University,United States,IPEDS id → Wikidata → ROR id,high,yes,
scorecard:233921,Virginia Polytechnic Institute and State University,United States,02smfhw86,Virginia Polytechnic Institute and State University,United States,IPEDS id → Wikidata → ROR id,high,yes,
scorecard:199847,Wake Forest University,United States,0207ad724,Wake Forest University,United States,IPEDS id → Wikidata → ROR id,high,yes,
scorecard:236939,Washington State University,United States,05dk0ce17,Washington State University,United States,IPEDS id → Wikidata → ROR id,high,yes,
scorecard:179867,Washington University in St Louis,United States,01yc7t268,Washington University in St. Louis,United States,IPEDS id → Wikidata → ROR id,high,yes,
scorecard:172644,Wayne State University,United States,01070mq45,Wayne State University,United States,IPEDS id → Wikidata → ROR id,high,yes,
scorecard:238032,West Virginia University,United States,011vxgd24,West Virginia University,United States,IPEDS id → Wikidata → ROR id,high,yes,
scorecard:172699,Western Michigan University,United States,04j198w64,Western Michigan University,United States,IPEDS id → Wikidata → ROR id,high,yes,
scorecard:156125,Wichita State University,United States,00c4e7y75,Wichita State University,United States,IPEDS id → Wikidata → ROR id,high,yes,
scorecard:231624,William & Mary,United States,03hsf0573,College of William and Mary,United States,IPEDS id → Wikidata → ROR id,high,yes,
scorecard:168421,Worcester Polytechnic Institute,United States,05ejpqr48,Worcester Polytechnic Institute,United States,IPEDS id → Wikidata → ROR id,high,yes,
scorecard:206604,Wright State University-Main Campus,United States,04qk6pt94,Wright State University,United States,IPEDS id → Wikidata → ROR id,high,yes,
scorecard:130794,Yale University,United States,03v76x132,Yale University,United States,IPEDS id → Wikidata → ROR id,high,yes,
scorecard:197708,Yeshiva University,United States,045x93337,Yeshiva University,United States,IPEDS id → Wikidata → ROR id,high,yes,
