key,ror,accepted,reason
scorecard:426314,010jskt71,no,"online campus; Wikidata links its IPEDS id to the whole university, whose research happens at the residential campuses"
curated:nyuad,01r3kjq03,no,different institution (Abu Dhabi University is unrelated to NYU)
scorecard:433004,05167c961,no,different institution
scorecard:219639,05167c961,no,different institution
scorecard:226833,046yatd98,no,different institution (Texas; Midwestern University is in Illinois/Arizona)
scorecard:399911,03s0c9350,no,different institution
scorecard:218733,012jban78,no,different institution
scorecard:161873,04rq5mt64,no,"different institution (not part of the University of Maryland, Baltimore)"
scorecard:218645,012jban78,no,"different institution (a USC campus, not the Medical University of South Carolina)"
scorecard:218654,012jban78,no,"different institution (a USC campus, not the Medical University of South Carolina)"
scorecard:218742,012jban78,no,"different institution (a USC campus, not the Medical University of South Carolina)"
